,PC1,PC2,PC3,PC4,PC5,PC6,PC7,PC8,PC9,PC10,PC11,PC12,PC13,PC14,PC15,PC16,PC17,PC18,PC19,PC20,PC21,PC22,PC23,PC24,PC25,PC26,PC27,PC28,PC29,PC30
season,0.011282267069752246,0.020256479497502946,0.022705900166152836,-0.024736414261261153,0.34131867515639014,-0.035455156429521135,-0.030370578125251648,-0.263116388669797,-0.04156142573954329,-0.07174437423409454,-0.07390903280983609,-0.013973695144556595,0.044130575618540606,0.19947081281090195,-0.20381908508169572,0.06320390973181213,0.037628149458252436,0.10710786630726019,0.044279024205289765,0.18952394089310692,0.19974560336445935,-0.12171069745010378,0.33819408672836826,-0.09497477487473382,-0.06957006975639184,0.01672820754021346,0.04397272261519243,-0.011726063793486247,-0.005987727330815091,-0.011958196218849268
completions,-0.12223317549125591,0.1440032980217124,0.05182260911281436,0.0038494976817742585,0.002719958691542791,-0.07057855708180291,0.013609684392800032,0.04569806746394077,-0.02056641172427753,0.016083533479965814,0.03597844913084583,0.011344963431876371,-0.01707656722719638,-0.04748713230873715,-0.0877804599203008,-0.011986102875172358,0.02355998954667368,0.0018885494831583807,0.013937810224512334,-0.08416150322747074,0.03222315402451031,-0.014586856735502222,0.011215292694226185,-0.04838922198873834,0.018830711859541348,0.012856460777452935,-0.004843229085821106,-0.012469626499984001,0.010731010475661216,-0.032005204756966596
attempts,-0.12298078123835184,0.14297331743335398,0.05168193674139444,0.0033246256173561986,0.00024768111234513285,-0.046691842624795615,0.014131277157148387,0.048714347323032314,-0.019651284168903646,0.01979197557816445,0.03956429090771096,0.013116583896996683,-0.019943778856769203,-0.055403467068815035,-0.09170957951872045,-0.009427731361039554,0.027609315629615067,0.004385085897401277,0.012149768534751129,-0.10350059338278968,0.03985462428508325,-0.018084693336710797,0.013130204824053056,-0.05177070189526453,0.020167623323326455,0.023799078886440176,-0.007926122978798337,-0.01929965431259744,0.018496420410668773,-0.046002513967745816
passing_yards,-0.12183066347586047,0.14462683945426813,0.05104590907056446,0.004582614069930771,0.0020717064351244373,-0.08462766565604768,0.013431170309967337,0.05120496585238166,-0.02341554218325259,0.017275226913655975,0.03987912950744242,0.012781184906243758,-0.01578132130147366,-0.05292534530623043,-0.08069681878651516,-0.0169593465391202,0.012053383291223876,0.015076120661924566,0.010942826544877418,-0.07385933290462515,0.030145615847545475,-0.014676395928893754,0.011627647985503175,-0.03899698960838748,0.014226993270786593,0.00486195510607355,0.004302639962041731,-0.008077052178474736,0.004071962289695107,-0.025812183228567653
passing_tds,-0.11566670504312648,0.14267541154274085,0.046720722945049566,0.006925674548764597,0.0037357140532269274,-0.14642304790375793,0.011470506965705398,0.05757856835026005,-0.029512959949652747,0.01458394251889352,0.041298143794026874,0.013073473985854449,-0.00946906638963865,-0.056339512036027474,-0.054765151925686095,-0.01833254499421599,-0.020121445680680288,0.03574639340980443,0.008749102477722065,-0.029880013164015763,0.024671251256718763,-0.015225092111991124,0.01686508333817956,-0.015128706874737795,0.00487890662765754,-0.04693921336296498,0.023974369109555773,0.0018152296252319355,-0.0246232413333901,0.00941675857792099
interceptions,-0.11704515018050615,0.12822803207859376,0.05090208430291665,-0.0008231047930014209,-0.010469038857953075,0.052463934193432704,0.01609218626515098,0.060443663749456186,-0.018952830160051528,0.028832035347133116,0.04393421373647651,0.016695652322630167,-0.031087954578474766,-0.07952213928347111,-0.09454035103098034,-0.006630200522528542,0.02129195348501527,0.008388498805643983,-0.008682815456094234,-0.21774550850184188,0.11732157648855851,-0.0275943904085267,0.031236686328795303,-0.01666399300076391,0.013601374629532438,-0.03316855912359415,0.04849748967124153,-0.09973845889033854,0.06077300495673999,-0.16777927087584915
sacks,-0.11976637824246751,0.13442280798904802,0.047447109392829104,0.0031094267811578144,-0.00037797842445250933,0.06025684455977304,0.01483991160639187,0.030915436237315734,0.0017304770022704124,0.03221492966353964,0.040867323462909465,0.015371988084399203,-0.0317064664026292,-0.07397829970098409,-0.1229869291436554,-0.004262403455840143,0.0783297362973052,0.020333797542301916,0.018512430499667432,-0.11029545307453358,0.010835062090393812,-0.047396443928947624,0.025815333845507084,-0.09787717842654026,-0.004356890303808849,0.25759345276790374,-0.013253410094061042,0.08050636182436836,0.039586074091899605,0.053126957634486736
sack_yards,-0.11938277324699062,0.13414028380703297,0.04905806474097189,0.0023496523429321777,0.0006064045705933094,0.060820311175097355,0.015064245880285954,0.025067337903523307,0.004026572439205223,0.029660564773866988,0.03518881058791424,0.013027548857953776,-0.03181089549978288,-0.06597798827521888,-0.1281732853246747,-0.008375246385718465,0.08225911319226333,0.011930279684400484,0.01545874169588614,-0.11310799870580356,0.014169894882411358,-0.040245195588104375,0.022831661774492737,-0.10492764919431212,0.0008156698626881502,0.2524366639943435,-0.022060109733311354,0.08279965201935999,0.04092901247394563,0.05710577992234326
sack_fumbles,-0.11194358755756532,0.1229223756384563,0.04938766581997209,-0.0002696139066857015,-0.008942712395055579,0.11577503796748347,0.020464331812487784,0.05143958781420462,0.004637556409747805,0.04768887757325186,0.07356526692400593,0.022287845495081275,-0.04995201196775995,-0.13603860267849138,-0.16112823726816508,-0.012998854064418836,-0.012417120105085729,0.006732775987530846,0.07872558463056871,0.14927230544934725,-0.06793916241493642,-0.004606858019675296,-0.0018061825514281901,-0.08987763988245087,0.024229453555333368,0.14212300370883993,-0.038493778054225034,-0.015147317676002725,0.04577944739181115,-0.07180442856173101
sack_fumbles_lost,-0.10136558092207713,0.11132469881352441,0.047463935673395435,-0.0017023672812748326,-0.009418838094550078,0.13874155566382387,0.02193293995508882,0.04518338201663963,0.014451591222220771,0.05159815544356945,0.07678594329137874,0.02249727046116309,-0.05952597588263376,-0.1563725523372413,-0.1938237000381839,-0.017871101299947102,-0.022291460322735733,-0.00776192218596205,0.10968916789963264,0.2800159800518362,-0.13440351963124636,0.023971014351609185,-0.03327952401842123,-0.12127073977460907,0.05744780462962986,0.11821552067108632,-0.0968336671728545,-0.03521913305967279,0.0521875530834806,-0.11891482711500957
passing_air_yards,-0.10866969396987092,0.13332508657479514,0.050071323289193934,0.004177738814222046,0.028424759110205262,-0.10368434220722972,0.008173016459078837,-0.04958471835470005,0.007013338469330133,-0.031164313950255828,-0.04767192204045022,-0.01911559850757046,0.009587059189429752,0.1332805531946188,-0.09846059412854996,-0.05933986756595707,0.16991199941874807,-0.11641956703656815,0.0203187027277754,-0.03459630669942531,-0.12142133351821076,0.043546658758639785,-0.11914811836383644,-0.11442033381567716,0.09715039131806473,-0.12069457696411735,-0.17606200634408847,0.03938960342655112,-0.05979787343799338,0.0018613275320674175
passing_yards_after_catch,-0.10735745173196214,0.1337842514309087,0.05034910273090512,0.004422565021600291,0.030378058434161043,-0.1354359903176614,0.00738571991216955,-0.05022851461702739,0.004556012129907483,-0.035627685829896685,-0.05150826235393664,-0.02091273740501286,0.012266741302568274,0.13661998619278418,-0.09165342848085356,-0.06062124049956379,0.15657354783023095,-0.11721729753801274,0.022984634770194457,-0.009636325516449478,-0.1233446219888602,0.04825496602584869,-0.11612109449597381,-0.09751386733182436,0.08485622493875533,-0.10641337338998683,-0.14651114811959884,0.0459267854078243,-0.06283975083330288,0.027160667310915654
passing_first_downs,-0.12142245505749139,0.14440579786813545,0.051080918480610395,0.004539948903917081,0.002028343824401494,-0.08889494439414504,0.013568417598403232,0.05219429865815373,-0.023959962794544917,0.017228648508279362,0.0413802082285545,0.013116926325755934,-0.015605659853056984,-0.053691009274570364,-0.08042018743886485,-0.01784363780298906,0.0085149331452603,0.014291040556890431,0.012061766403233582,-0.07058684347464754,0.030406432905951304,-0.014067176577951484,0.011719112066944494,-0.03786943486078396,0.015377417006930669,-0.0033245254474328655,0.0038939811711255,-0.011712838979317788,0.004252148113940908,-0.028624060467729376
passing_epa,-0.03865395455817967,0.07352910400930922,0.012444506023379522,0.013786566368054233,0.010256261081198304,-0.43007669387649466,-0.0009241059180156051,0.0792684408549864,-0.06484646280331934,-0.01053071689445859,0.0397968790750016,0.00835238795648285,0.033632551143490896,-0.02724654082467364,0.09029718031883097,-0.05488922129130684,-0.1734023744897215,0.11266711072148841,-0.006744351181922698,0.18606618993925025,-0.030529006983076055,0.013127067617501141,0.009943817706269868,0.12071622198876951,-0.04084691935074828,-0.24079501318797408,0.1110954771802564,0.035505723157505546,-0.12208826242511531,0.11997969919144764
passing_2pt_conversions,-0.071952223609195,0.08911621190701899,0.030863997974706882,0.004488808054599524,0.011363702868653933,-0.06200728555147138,0.008795567972126635,-0.00472339106909904,0.010712950884712986,0.013736741047838022,-0.0009348867536411831,0.014403888027900321,-0.009537434941892242,-0.05684335840024035,-0.003587217838821308,0.618680465137183,0.05911119366439236,-0.16110895945253265,0.06319296216448457,-0.02396002942284547,-0.02572665845219447,0.008598917672657991,-0.038241190075911424,-0.007625763377905112,0.018883851552713025,-0.05183868608341373,0.010239808544049026,-0.001029298318494641,-0.03297015833667363,0.017788832893492108
pacr,-0.10763801913521885,0.1275885257360372,0.050567698124631445,-0.0007353556667822105,0.034546707622585555,-0.11194674877249508,0.003032134660732907,-0.06773246902142607,0.0047221483374253964,-0.045027714624104036,-0.06973057091498412,-0.026095517665576128,0.022788779660778306,0.17301593712585384,-0.07307240839603037,-0.07062077599355153,0.17265061523821196,-0.12745814537805342,0.0325435667866858,0.012199625903115484,-0.16699128039552577,0.07559947994461128,-0.1479387343429706,-0.00043218458902286966,0.02825398162731692,0.058761220771498694,-0.018201100000910145,0.004581918314054073,0.005452884215512442,-0.006144103002194733
dakota,-0.11139395958576385,0.13711862217652937,0.043865197918468775,0.0077299129779318625,0.003251289997729931,-0.18850383981055926,0.00933169137914901,0.06426983173235867,-0.033333943333065094,0.013854910319549081,0.04612633341208231,0.012141216572355652,-0.003360418679489247,-0.069673179948469,-0.02335098366372553,-0.03706597994961782,-0.048601719526548265,0.07002541062880854,0.012554241064987327,0.017264885077235986,-0.006821041551766393,-0.02031921950480438,0.01599831310270267,0.03371695191084228,-0.02424843298336217,-0.019730664101673363,0.06353918014883135,0.018083528622697995,-0.01914788537415198,0.03612454534397061
carries,-0.01675706213878677,0.03754576224255546,-0.2836299805242282,0.0786566024892886,0.042945730794288824,0.001016724778403638,-0.007297626172387401,-0.0016553518241710912,-0.006968738188566869,-0.003694240751678821,-0.021742678459218776,-0.01465004294856835,-0.03205210953679671,-0.055379592774511696,-0.025548470367660458,-0.031116841446770408,0.04021617900302614,-0.10374033137137885,0.024147756552655924,0.02024594347808348,0.07557479340585586,0.1369942536871869,0.0027721658962609214,0.05382744576442456,-0.02252471602559252,-0.025582342266944884,0.06951350910517606,0.04508932745787112,-0.06865412809991518,0.06942935796896917
rushing_yards,-0.014149061095342802,0.04043406805870613,-0.28263569202611444,0.08040694079412741,0.04509780672725764,0.005404628854199212,-0.011406270444731463,-0.024386269477355862,0.020334356971326694,0.009403075719934546,-0.022785185842013615,-0.01161491074697549,-0.02708128892826665,-0.06896741380812293,-0.013129450291525426,-0.023922521782572773,0.07866449117718667,-0.05416351525861286,0.03726912097855497,0.005319908490897895,0.018622792152878473,0.05789770599518111,0.0038762925135061256,0.07555544800179896,-0.04125099271155247,-0.017177793459238724,0.06930276669277277,0.058754810402320244,-0.07552917414389924,0.0918045164517588
rushing_tds,-0.019883994050582093,0.04756479216298311,-0.25383903337263214,0.07871643027826375,0.04709995301077544,-0.015578995202102193,-0.025066079643321824,-0.06389068155454966,0.06487602719400344,0.02307744037335737,-0.02038541614260329,-0.010969800407102225,-0.028757655710531554,-0.1157859228483725,0.05808861557190701,-0.02176165805014249,0.15759146521032893,0.04194138841833701,0.09374291879207593,0.0033925508667666986,-0.07727533012265789,-0.09145058853826651,0.03476123515585054,0.10997906298147654,-0.021994798901002397,-0.1190276626703223,0.04318152502162945,-0.16467743247770078,0.16939915896634145,-0.11196313732406275
rushing_fumbles,-0.07397494545926035,0.08685058440429355,-0.14756129427852333,0.054126013836422605,0.006722581474329443,0.08918614377669387,0.01682257187847956,0.20617823881580258,-0.21438641383945872,0.015733245662682586,0.051203464415703004,0.046773033261040264,0.024432599350230108,0.09574740049454818,-0.04174291105597277,0.03241920834062972,0.07840242619693734,0.04982249360840362,0.025262439128123818,-0.040892220523682854,-0.016563400668465487,-0.04169576583903542,0.0318259381315642,0.02957782359189268,-0.07129203897801313,0.2109855677563885,0.08377436907764334,0.025409987078195223,-0.11658774765450879,-0.0848083180817815
rushing_fumbles_lost,-0.04213984879306809,0.053538121415594137,-0.18247268870708744,0.060899972928661145,0.007057373273179396,0.08623488653232285,0.02179439012451552,0.23567045532518247,-0.25858824409727216,0.0020521001521893118,0.03852424764333989,0.045620580625681965,0.036827317480144124,0.15079424580549755,-0.03518097625205694,0.029484688964467525,0.05061828536949447,0.00921921999590453,0.012781712149971087,0.050663245954876215,0.004178868368148507,0.03103363871487391,0.03178518743361176,-0.005551651947530326,-0.032414156330751884,-0.02214534835765718,-0.05695949474402253,-0.1493730736295591,0.34181597946925146,-0.09501470353370212
rushing_first_downs,-0.024958418062082814,0.05128949669246405,-0.27678187452232206,0.07979776740051585,0.04676925247014609,-0.003551045846085204,-0.013170321731897581,-0.032421685994805806,0.028603210750321652,0.012519566304822014,-0.015907568396782566,-0.009569731043715396,-0.02745840442674274,-0.08032527537883824,-0.009194030645928344,-0.02184034286532929,0.10422128047530019,-0.03352642022187429,0.050308850742476804,-0.0010362599807921126,-0.0047471565600117945,0.02360812651355982,0.01537984807394197,0.08167494817613845,-0.04252197499658282,-0.023883373618008106,0.061446805253797344,0.03123798872187233,-0.04602722659417923,0.07734431861706255
rushing_epa,0.001044618069064201,0.018935629992553594,0.1119415070253977,-0.016561583928902324,-0.005578554775838932,-0.03693904558340937,-0.030189511687270625,-0.18981500561982673,0.24152674598350518,0.07066715479344762,-0.004466858067841015,0.0024676925446838875,0.009616237240696084,-0.16104164938903676,0.13596102212944716,0.019395547650710214,0.2640072638970827,0.304560050733551,0.0992109243501537,-0.09985918990211773,-0.37985228776590513,-0.5127348052151696,0.020158139439163447,0.11137987520340481,-0.08398978136058431,-0.003738069168375304,-0.026243480123398655,0.02181627422378311,-0.02427311403883432,0.06769559694056375
rushing_2pt_conversions,-0.01767887532247985,0.030362690037421057,-0.07752135830828934,0.02695485028680054,0.028586220607899674,0.01363830433067469,-0.01805869232279309,-0.12276531276061442,0.1928110496945627,0.09641116849438422,0.5729010733713567,0.17539290728491946,0.14845431278372032,0.18222815863130326,0.03556203507476849,-0.0011443475666453149,-0.019283663970284717,-0.04787392681106836,-0.0009711004971462622,-0.018645753274396583,0.00532722959882679,0.028213530481970922,-0.004370010098497647,0.011492646979848094,-0.0020828913696170417,-0.0017130066743545906,-0.0039858176043414606,-0.01175572260499644,0.0018798079357676182,0.012871832056093472
receptions,0.13402025825384253,0.11060523135597071,-0.06060428391384901,-0.07604312579597812,-0.06318165006736769,0.011515958631742883,-0.003919635906494371,0.00512251740505999,0.039786691759339674,-0.02142865310246129,-0.013147403981060691,-0.010214704965728334,-0.015465403850401046,0.04100315983656917,-0.06022964112538712,0.007479737727814211,-0.04230184673473165,-0.04729315352626054,-0.08374876182808076,0.015693607971305007,-0.00990422832872925,-0.030247219023122492,0.052202467201885164,0.12044073413103405,-0.053458417826920956,0.014759615730325774,-0.07134387564325398,-0.006112247432504963,0.03569461825217503,0.08790200828774217
targets,0.13430095107770912,0.10903161584954546,-0.038741063103391114,-0.08579778141742571,-0.03018102607320917,0.014198411255271765,-0.0006247754417500217,0.020715351294042606,0.023769660914215958,-0.01720349647144839,-0.0072662717274735444,0.006889187716051246,0.03409398177045827,-0.003640203719059638,-0.04491647218168968,0.0006806887868207418,-0.0033645976525363158,-0.08485013487493476,-0.19983066638777086,0.03724192161176006,-0.04165585107369334,-0.05471038766460871,0.0765479515192981,0.10120802530653791,-0.017089024792843327,0.015128255752042874,-0.02962436273764186,-0.10209633585689926,-0.005897162758813337,0.10393414328232406
receiving_yards,0.13594382592249699,0.11629626499484738,-0.012383453423157094,-0.08231348294804287,-0.08145010947734206,0.019559591001033518,-0.018996269288751203,0.01548780346893004,0.036331614036193,-0.013781477055718958,-0.013046444184131199,-0.01708741773893286,0.007577631540458222,0.04605973476354856,-0.010112584871188147,0.01244971443744081,0.006231522350773002,0.02168677781672393,-0.017532355247746288,0.01919204801204569,0.00469304328606785,0.016321051469382928,0.0456496136678774,0.06613840545132889,-0.04922631490424965,0.0138091415952546,-0.05701370168154926,-0.032869549520826234,0.01280708914413135,0.07784646874918423
receiving_tds,0.11893720569223004,0.10611308278258766,0.015020447280580374,-0.06263604754887617,-0.11031612629470088,0.018928606548398657,-0.0637708111057178,-0.07245412174234102,-0.04643528506713971,-0.00393152307154307,0.005034283873830762,-0.008492459355295835,0.03609885960277758,0.024610764594172916,0.013248152637029026,0.015765549337572248,0.05700139494953305,0.0927073272540243,0.05331009848214097,0.080153783900501,0.1907924097248078,-0.04956676879468751,-0.11049077040491766,0.09132765938847627,0.3683603059681577,0.10027163932598539,-0.006128862592962289,-0.2802026054980633,-0.10397536611842258,0.14471068150785835
receiving_fumbles,0.06927734246762483,0.05534107960351316,-0.03924199835757182,-0.050664321130125416,-0.06555202666831007,-0.002173649384511273,0.42519426379346975,-0.09844345304410339,-0.0382218755832835,0.001283920320477793,-0.0025404100623358495,0.0008498272010674594,0.00318142654558916,0.010646277274079265,0.008805945965799797,0.0016198701915021644,-0.009550446852273216,0.020884637052741503,0.030390569194020427,-0.008417560376381113,0.0037521043087767486,0.05080761459069481,0.08361888886842889,0.21608336846004222,-0.05837073680965482,0.059642361821518435,-0.35755042812517457,0.04511058872289091,0.01874872278650209,0.0910805584653626
receiving_fumbles_lost,0.055253735675253636,0.04350484022821907,-0.030019116489463652,-0.04374153236356077,-0.06540700753388189,-0.004195805403128094,0.45790659079244594,-0.10693511749069323,-0.04658907009346054,0.01329454081943128,0.0013349663775801181,0.002663782432757638,0.0178478564235726,-0.004438262864416247,0.033657927076025516,-0.004453522726546853,0.013199498967493322,0.013000112518325852,0.039969566120656864,-0.0012951980954755123,0.009382889951002693,0.046119458121135846,0.09499664539231635,0.17317149139950355,-0.04790804068479232,0.0729805781860081,-0.2462803936168785,-0.08961603787260372,-0.32266278188301317,-0.4403409829057741
receiving_air_yards,0.1126584515168836,0.09723570116194209,0.06511922920682596,-0.10798547454135132,0.1527896420627957,0.04531901872148028,-0.02804243198681148,0.03201458239286566,-0.08452035975773906,0.02762831616468204,0.013454801985016397,0.01579427738052278,0.10949326759717294,-0.09507094405498798,0.1400936331263399,-0.024374971315102113,0.055991994010265916,-0.012092084258828472,0.006692062589775806,-0.033415389061638705,-0.0992122970793271,0.12414275055658547,0.0996838823854477,-0.03762982176221946,0.07468797796006466,0.027307121478916077,-0.015032670190367175,-0.14198623720588377,-0.042719992880098555,0.12999625941953766
receiving_yards_after_catch,0.10237028877514967,0.08986456380321887,-0.08998271172134564,-0.059298628995811495,0.1634759040200376,0.022882698603293162,-0.011450240688314036,-0.09178213472237749,-0.017888981209053394,0.021136128282677257,-0.02281640987567996,-0.02120259761436565,-0.05816326178526863,0.01657190099283575,-0.14267774548263132,0.010832483132549316,-0.2915511459291258,0.009777506651378626,0.05965214244521961,-0.15576023410212317,-0.09624709319289361,-0.030762637551699435,-0.13809273505500758,0.1976117032784033,0.05256008377659054,0.009771434545782078,-0.04837668030310341,-0.0622824475075553,0.022653724576542026,0.05489110415390612
receiving_first_downs,0.1353663776002909,0.11529940429901674,-0.003999731159244904,-0.08377254410839792,-0.0862000188230808,0.018676296304509024,-0.0244145283636677,0.01513976261377074,0.0370093150096355,-0.020101949925598446,-0.009124763441574736,-0.014838392710358252,0.005030775187157034,0.04940314194026425,-0.009556836081528198,0.012424106733795213,0.009366221141834741,0.015472836008967315,-0.0203056103299579,0.024540968530947966,0.0026947029432053036,-0.0025567976797866553,0.06991808691526237,0.07710662266021617,-0.015460791916015258,0.016679617011467127,-0.050742357929731446,-0.0003419619040342881,0.03481620156933169,0.06665851049011046
receiving_epa,0.09768479004942739,0.09318350175401562,0.022859531122901133,-0.04395104283929752,-0.18126234725757498,0.01903424585772064,-0.09588201280163972,-0.004973320413408336,0.05654307940381758,-0.01650518707852694,-0.017829654461924613,-0.05689010730858942,-0.07338621966512979,0.14741929510819363,0.03342072990537554,0.03336566079675234,0.009133797618439654,0.2108083354259565,0.35923579105145703,-0.010981623172299523,0.12969342497723274,0.11917610345187694,-0.04383047908813436,0.019201849485017113,-0.035823441391020165,0.016419771107219427,-0.10213320479759727,0.1687016506648059,0.11069212497498059,0.052328490425421384
receiving_2pt_conversions,0.03982315819125249,0.03596088856628792,0.005260136019893758,-0.042183470465445995,-0.003660492560521028,0.00120917907696236,-0.01569487998772768,-0.023995325848071465,0.01416569426564702,-0.2554060298867291,-0.11444847647122043,0.6181290221099784,-0.13150275825406568,-0.02575465474114679,0.018084732582835578,-0.01589242733521153,-0.003854647478365261,-0.003917055765729456,0.028100265425528372,-0.010315701875251323,-0.008121718559971845,0.012754414882063497,0.0007438045308499156,0.022121513572264512,0.0016142956348357681,0.0077901669842557015,-0.0057560400147808315,-0.01723012263914104,-0.005080326334381948,0.03334722069145371
racr,0.046985907335540214,0.023906175278904783,0.031973759081748265,-0.06364946095963125,0.08478439818590577,-0.012291104019236209,-0.004979849227111529,-0.06114838095338468,-0.1439417754223809,0.11214978785073157,0.15323930282114034,-0.051020213774987784,-0.5901464929840777,0.08632827051809196,0.15156446587391875,-0.0047548390223041675,0.07897965133245721,-0.022494538323334763,-0.12483120361102827,0.03163464741389365,-0.021672295976683402,0.003372044376977265,0.014830761187826176,0.01217013055080319,0.022325472174409465,0.021127191973612562,-0.02759519535420315,-0.026888606582980694,-0.020747643901156274,0.05199704235209325
target_share,0.13523425306190578,0.10864187929561024,-0.04446884976311345,-0.07883186106552748,-0.08294317295325929,0.010921781454233837,-0.006355788453075947,0.030032095586537647,0.03553669288240848,-0.016398888677793756,-0.009068487353373818,-0.01227227045298334,0.00671371188465462,0.018905490222213175,-0.02687099745311548,0.0004326069214672972,0.016014024436701163,-0.0670850598534112,-0.10968688026611066,0.03000229716113768,-0.028267257434553984,-0.010624629886879686,0.07789807657324156,0.07519283061294588,-0.0776518987441517,3.693431298031521e-05,-0.040295265308258416,0.02098767176759061,0.018073932798402834,0.040862464326415944
air_yards_share,0.11446209722066239,0.09815747266842872,0.06849465316778434,-0.10819796579320569,0.13804453871735187,0.04578315160176365,-0.029617923849444155,0.03171573029670981,-0.08721976562403612,0.03357948391759019,0.02095954725050774,0.004589373023743209,0.07166851541074964,-0.07870601541634283,0.15872684202425918,-0.025011096637621626,0.047962936700465246,0.006217568322841031,0.08751047898375104,-0.06402070034701952,-0.11501452714784746,0.17300053749913108,0.08631987087777876,-0.04998830461188239,0.038986480402817804,0.014542896711827966,-0.03398024221010269,-0.026607402062596073,-0.011725402576759006,0.0628591901829914
wopr_x,0.12226569419848056,0.10338517213483088,0.014988616494785877,-0.10377023697860631,0.16541491553938983,0.039924645044588015,-0.024189447564215285,-0.004999041793618919,-0.07543131883756037,0.029928650832670906,0.01020014959027342,-0.0027445156970514546,0.03109112209369792,-0.060167336557565794,0.06841353793919254,-0.019568856296352754,-0.06268938557005108,-0.022745186936064372,0.06447181106179344,-0.09569655623925993,-0.12515063860536565,0.10476836910588705,0.04044167354632213,0.029702819768893017,0.04488596301915642,0.015768477477072728,-0.03947568278262222,-0.02443837478422821,0.004106565637758063,0.060009509147393475
special_teams_tds,0.009673206847516595,-0.0070012711204969205,0.001525485383883631,-0.02476385491080213,-0.023469308757734054,-0.03351503482108025,-0.012147677528000911,0.012592037087455071,0.04519169942300001,0.6121097452258949,-0.22611425190219206,0.218454304871793,0.03171179939222041,0.11015533415648983,-0.021571225228945667,-0.019187853244218456,-0.012205183213605735,-0.05751189717454576,0.008971769865255781,0.021036888577669242,0.023693365000607057,-0.01368333424868514,0.02066538406847946,0.03511458716144419,-0.021959102954458604,-0.013332817153827621,0.016198083385480375,-0.008561349273362488,0.0014213952873632994,0.030009867836913198
fantasy_points,-0.013522018816829203,0.19520545842582793,-0.12392826911474422,0.0035626176556075263,-0.024427463010094456,-0.08787493519994678,-0.02647366499867637,0.004214168518395905,0.015170542726951371,0.022609394911358032,0.006439369461721547,0.001635791421149248,-0.013084442110923177,-0.05855197471856103,-0.03932464729231067,-0.013624771910992838,0.07163607324104214,0.028459624111465198,0.042187348991506446,-0.006587945003152508,0.044100230483487386,-0.008843175004612718,0.014407557326333984,0.07505163282394726,0.03415366120850666,-0.018721370413813013,0.021437868318277056,-0.06547125642081614,-0.025627881598356998,0.08920038087372698
fantasy_points_ppr,0.0259846445023005,0.19529544095433396,-0.12130402519591417,-0.01820594554607887,-0.03819911149629258,-0.07081795223564247,-0.023395664250151688,0.004978784858298053,0.02387619882365277,0.013070995350852724,0.0017581914515182539,-0.0014706623425322762,-0.01533594998173278,-0.03789152401145531,-0.049925862239613435,-0.00939210338831583,0.04855194019834061,0.010786269514811266,0.012184184928765503,-0.0011732610753442529,0.03438977007370084,-0.015885345101112353,0.0266959943367984,0.09681572877453327,0.013863771588281087,-0.011655449402898895,-0.0018365280830966273,-0.05686037527581121,-0.011635340674923783,0.09966068960804955
games,0.03975380300394124,0.1402896343917917,-0.1082554868876749,-0.11123061767050847,-0.04354406615990611,-0.0666525857644049,-0.011075130304648148,0.037743961613438945,-0.0418876818983409,0.03913086062270599,0.050855122613572744,0.006268933124481995,-0.05462165675976725,-0.08707821219710962,-0.1790816509386841,-0.019988584985794203,0.09046683733346657,-0.1400008515141332,-0.04866342120239583,-0.04279458299664676,0.0425384562731337,0.054599908249058665,0.18306236589019834,0.17216033297931627,-0.11587676534687372,0.042291501490462,-0.12316183666845272,-0.11501588846312831,0.038454518494683725,0.12579401958970118
tgt_sh,0.14750879071011866,0.090583819157341,-0.010012629083499895,-0.0048284673365372715,-0.004368126805417097,0.00021567724512250346,0.020148993580433164,0.06446627573511025,0.05980654138966026,-0.01865037168154815,-0.005425004083950667,0.0010288466295700048,0.03205471495007493,-0.00834129554061527,-0.054085563973854424,0.0008386522112637955,0.01106220134315759,-0.09545264816380561,-0.2299645675277493,0.05454365216611781,-0.038193159503024175,-0.11844841447919713,-0.008165680152832637,-0.056447025939282885,-0.016422915581829046,-0.011166800347648555,0.04352915592913438,0.016119629016412475,0.0027795899270132837,-0.03341670396527394
ay_sh,0.11624572346790125,0.08635022435188015,0.08970449836712073,-0.05516894964880331,0.19983384497660064,0.039706181230134176,-0.009600271893620322,0.07081561577047468,-0.059832619892184906,0.030220157323285153,0.020592348385191944,0.012679121289128702,0.1064368752792053,-0.1004698751578278,0.13907210412531862,-0.0274406492176687,0.11137923641992424,-0.012488374662007253,0.017121848556304137,0.011252464406092634,-0.003350584198494634,0.07727433216477161,0.014134318744569264,-0.04959184977935883,-0.021776426329053977,-0.018804042344953347,0.031904129377592176,-0.010446508312504856,-0.021373588328984863,-0.007717386419153139
yac_sh,0.10478826816407773,0.06965236826700148,-0.07082842528392717,0.00864850873640365,0.20545724009546745,0.013763988580613026,0.004208992062232688,-0.06570578145645238,0.006446903853031398,0.02041131518084449,-0.02506920479632356,-0.034724625787504515,-0.08030527118966128,0.03556662804519331,-0.1624913588207396,0.016857127940197898,-0.33116293761000415,0.021807234326292568,0.07522722663097965,-0.16778542791815174,-0.1030635641953643,-0.06179659798036702,-0.21405935501574752,0.008477671796771691,0.022789385607340697,-0.005019677794456079,0.022522950522506188,0.03730750686169174,-0.0009408759365318095,-0.09689411522206942
wopr_y,0.126672334077897,0.08810459029681336,0.04466407933577733,-0.043493188298147356,0.23401739953257877,0.031563234498031695,-0.0032638174482484544,0.02896132706506372,-0.048155159211269914,0.02314566045156676,0.010921075817298655,0.004588708503860177,0.06048781088222492,-0.0736348233273386,0.045225393024224875,-0.017668537777735405,-0.018399402609273464,-0.02979652752269067,-0.005176585019764611,-0.025408728033133487,-0.028296540212326558,-0.003411069763693845,-0.03197594295564058,-0.02898963042956185,0.02124406707532823,-0.005919339619266022,0.024004347528945078,0.024431675688599733,0.004199829076959845,-0.030987328023386537
ry_sh,0.14629389982193758,0.0995987303803168,0.018561510524077444,0.011034987943003139,-0.07650975768009252,0.008048766108142546,-0.000262523235122951,0.06576480920266034,0.0764196073687744,-0.013718300785086898,-0.011695349604497498,-0.024631789680672967,-0.01163493870312578,0.05495179642981536,-0.020770861306587795,0.012169681047080673,0.016816329747649687,0.00835796938895796,-0.022391958395998064,0.012874300427280373,-0.026556402811448852,0.017147828854238073,0.014863285506141381,-0.1057127529556005,-0.13201966620200825,-0.03712856299023366,0.06392706306767279,0.024751226812480945,-0.02438314112435738,-0.07913096451523131
rtd_sh,0.11028080193432675,0.08013526349083526,0.04802282660087932,0.06732830070998556,-0.14340385672159492,0.01323784740018519,-0.08827954524435447,-0.1898350908554163,-0.21638986176585973,0.022560579986815866,0.034824951370147156,0.014177210330173027,0.07676913150894316,-0.0643372700263294,-0.003218681381155372,-0.005153495315657491,0.06043746521493531,-0.007814108521783198,-0.02204612607382892,0.0645348176189659,0.12305785179814638,-0.08110750271118533,-0.14675879983873258,-0.013528812633983773,0.1622662955646726,0.012787819310616254,0.07664388428596919,-0.035838036135434015,-0.05531915945003001,-0.07755410538103363
rfd_sh,0.14487030633256456,0.09769185283553225,0.03059598137229481,0.019586780510510386,-0.08650845367268398,0.00731419046375288,-0.012314459850822829,0.052773845319294375,0.060235898985717455,-0.018501930074370676,-0.0034557737692398824,-0.018990283129629946,-0.012242265048427702,0.05216479258698079,-0.027254214112105803,0.010981765261290816,0.026036346556247376,-0.007380249721745387,-0.03270543483318105,0.014428418263502704,-0.054815392967556956,0.007483444077227357,0.11212204454960337,-0.015068575924211246,0.028176354468579332,-0.04638744387348147,0.09923116425278843,0.17111814412270732,0.037219436345896605,-0.13543144035652493
rtdfd_sh,0.14518245339316566,0.09862350222669497,0.03490362955232509,0.02916289238554803,-0.09731273193099085,0.008482133666735659,-0.023407895216415835,0.020558953844696685,0.023699029110511693,-0.013083992673659752,0.0017223843805372323,-0.015170312778177583,-0.0003761301884302574,0.03808417410901687,-0.024187471272052848,0.009195273606373674,0.03182470160315027,-0.006345089447394092,-0.03129566727248669,0.022141894274439314,-0.030389924684234324,-0.002834680860199246,0.08281842571794507,-0.010929775081310792,0.06079523795118409,-0.03643224104354955,0.0975363420851749,0.14535215765908094,0.025563059918672002,-0.12987185318110114
dom,0.13534965576037336,0.09600446548262201,0.037409942148304766,0.04270066626659915,-0.1283805314894503,0.012186844513524638,-0.05900876201915238,-0.0984034092492934,-0.1114047640586196,0.008972949301223259,0.01797144024088596,-0.001562028343235289,0.046465823477855155,-0.019077108643442593,-0.012033918234118729,0.0020278894036789333,0.045129764792059386,-0.0022345423672353944,-0.025013406469829146,0.046850211254489384,0.06598188900268089,-0.04695705079397887,-0.09353071751627931,-0.06468722435487441,0.02437688103949781,-0.01337984528242414,0.07900831440806838,-0.00965447636294427,-0.04576241480880105,-0.08448292677171412
w8dom,0.1452496018548336,0.10141436091864915,0.02535735093840272,0.018393555480987905,-0.10505859511931703,0.010289205445240902,-0.029433509497779124,-0.013152440512224353,-0.013648186574234264,-0.003227125110792969,0.0022710891764378444,-0.014701590291427738,0.01706121616646074,0.020663703099111072,-0.018466865261411138,0.007913945691593894,0.02847834620903847,0.0026548799101350174,-0.0254387717036691,0.02805209743714286,0.012386224489038018,-0.014268272311232807,-0.04089236854816695,-0.10244775742199413,-0.09389642491849867,-0.03433031687239524,0.07444356698146677,0.01322136946194274,-0.03390691878115061,-0.08331184044951873
yptmpa,0.14636730351965102,0.10225251034417684,0.017316391873121686,0.004817079103308899,-0.07002483672352289,0.00953251551775089,-0.004678057480665015,0.05381775753326227,0.07291431580136314,-0.01103553609756642,-0.011944913486008324,-0.028138379422178568,-0.01529830010775313,0.05930727204475696,-0.017687188076628994,0.014446757517305658,0.01299128902914206,0.03327809249536079,0.01663455442994012,0.011455307192230545,-0.004866602496110133,0.012685232586469856,-0.008591069460741358,-0.09489862308959612,-0.13170676154560632,-0.032684164897325944,0.04525576418376625,-0.012900425914498578,-0.025620140995416547,-0.04446303359720235
ppr_sh,0.01735529478425348,0.1894599275639826,-0.10657355762068685,0.08277036991343123,-0.048916119908700526,0.031364913561051526,-0.023433945255546432,-0.02695701369856916,0.0631834518094269,0.011886648204128762,-0.0583563249015915,-0.014107070122439556,-0.0006072552684417852,-0.013168179090026861,0.1044012363418556,-0.004688022394996234,-0.0428208648163933,0.023247619818225644,-0.11232942170195744,0.0016448928303000058,0.04643453444049388,0.006918651823610858,0.008888138627237158,-0.12427091269805315,-0.009573349060819272,0.05634488730219321,0.004934620789992001,0.07931236705956414,0.003114165334265282,-0.0869618438393533
team_id,-0.0,0.0,0.0,-0.0,0.0,-0.0,0.0,0.0,0.0,-0.0,0.0,0.0,-0.0,0.0,-0.0,0.0,0.0,-0.0,0.0,0.0,-0.0,0.0,-0.0,0.0,-0.0,-0.0,0.0,-0.0,0.0,0.0
completions_per_game,-0.12984925958746157,0.13001267328030652,0.06186113524227198,0.0011203917013653671,-0.00036253798655976353,0.05877820873411358,0.006687804012504935,-0.01729397302513813,0.016240738505339015,-0.010695658510366995,-0.0270054704394543,-0.008975873408278046,0.0046905326881241625,0.020195195833570427,0.08277293292832931,-0.015370648670935756,-0.07772469562114896,0.025079171587606284,-0.06709716979858625,-0.043828934666695164,0.07418501525291325,0.0025409152657085345,0.03426094296265794,0.039429543960397016,-0.0192087706904307,-0.07289109675878674,0.015898877858529715,-0.010381590125548954,0.009031903369965625,-0.01091521201802301
attempts_per_game,-0.1297682749534802,0.12652300727583296,0.06179059015546074,-5.294947387795803e-05,-0.003453669035076258,0.09169390316481045,0.006903145962671939,-0.016845015174114228,0.01883554686917366,-0.008105785201267984,-0.026690227103407866,-0.008558806254041233,0.0019471202960896312,0.014496265628999467,0.08263154079343499,-0.015283391729114184,-0.07340371166445245,0.026202468200030984,-0.06993251915793226,-0.06812566908264958,0.08381258059858032,-0.0018533972465424044,0.034741559856671766,0.04108194975290977,-0.015240058883913414,-0.08884095973640144,0.012448546790079867,-0.01788633118935951,0.006534262093065694,-0.017028811353769827
passing_yards_per_game,-0.12984749757163266,0.13214920462783783,0.06093371200842559,0.002439193282763277,-0.001105086162566491,0.036548734813767476,0.00669557539499067,-0.00880977102294745,0.011871829541588025,-0.008320746152769135,-0.020514338759651432,-0.006556298109268967,0.005930369293388916,0.012206100410909448,0.0883489914356154,-0.02003904660420209,-0.09000871373759665,0.040499184164449205,-0.07052158143361187,-0.03231590499697679,0.06979819301193754,0.00413139175677813,0.032388961252960535,0.043536944575986496,-0.0222860761756999,-0.06753354739928497,0.020452410342683077,-0.007152255242562515,0.010312390934721818,-0.012751264916135877
passing_tds_per_game,-0.1224667681847614,0.13338864285530677,0.05468024976501117,0.00695179515784661,0.00027371348561541515,-0.06099267806543499,0.005218753991921897,0.010255550362018081,0.00039819335327773104,-0.005033212123106941,-0.0068711382377752185,-0.0019363120322390054,0.009746808353941084,-0.010234084950676327,0.10366977699422682,-0.007114484633020147,-0.12455991603853826,0.0666224385690261,-0.06960416696136469,0.011508038718733378,0.06295944559771319,0.00876123302258673,0.037839060912797415,0.04003403822759579,-0.026653643485449834,-0.05064148475271573,0.021991546938803164,0.0007791678652262023,0.0033052421906578453,-0.00642967248563363
interceptions_per_game,-0.1106433677576216,0.09449289953846796,0.057191435594373084,-0.008745589356063356,-0.013786473205786349,0.20685214903812568,0.007598250415722665,-0.01694527871226881,0.025805355981243273,-0.004945652208976713,-0.028752032116897933,-0.008431221826087604,-0.00877682374690474,0.0029191970198437344,0.0709256540564207,-0.024663208931519638,-0.05646160749670953,0.007834462788215826,-0.08061666850393512,-0.22281368100963847,0.18009092441377494,-0.01580517746303922,0.043700085094258746,0.1425553091216201,-0.03018652738299384,-0.32180612956741433,0.1467948691662216,-0.1235655029499113,0.002644099559809748,-0.11896783003013506
sacks_per_game,-0.11864528520826093,0.1079198397282873,0.056139446547092714,-0.002850987437600942,-0.0048227935524268305,0.22096181087130462,0.008484861185769443,-0.03936138513212304,0.04373139531894531,0.0029170652081156215,-0.02885978530183291,-0.008949422922000754,-0.011868604859475586,-0.0016422756577967271,0.04302995624531376,-0.01537187629011457,-0.02388167151679514,0.030494661159402088,-0.05543149397375094,-0.05132856911647998,0.04855186544583852,-0.029889393272362473,0.042651424452369496,0.033620324219940455,-0.05607284249163616,0.09901789045301357,0.05482406499334644,0.1143037134697707,-0.011214219108444449,0.17447921196063165
sack_yards_per_game,-0.11717121448067663,0.10659246444522386,0.05710972063418738,-0.0034792837018064594,-0.004009849295915589,0.22188990794614,0.008959761454490619,-0.044470860874185586,0.04549040857157437,0.000746205506646993,-0.034250172915730195,-0.01119762792383618,-0.012043487392701861,0.005302921336128873,0.0383491321526305,-0.02047005733083032,-0.02062540187429752,0.024319595691248846,-0.058596285256056826,-0.052430103936830605,0.05106336766790175,-0.024111973654946803,0.040541902003820664,0.02813350208204199,-0.05307307841051222,0.0992494597861904,0.04965316568045601,0.11884791043737161,-0.0104805149269756,0.18430316223418133
sack_fumbles_per_game,-0.09680931430961305,0.08393015411998264,0.05254568918469143,-0.007904881902896727,-0.014110758928191336,0.26346338805189384,0.013966453919758901,-0.015881743431980858,0.0532347164501661,0.02437556196603978,0.015676525270190398,-0.001083424046500885,-0.04061081987630817,-0.10026753014049357,-0.025277237736789263,-0.029345793206273074,-0.12873149970637512,0.0002124876924103782,0.054598002702694555,0.34919378393844686,-0.09576293746582547,0.02927422591189747,-0.009645801367649746,0.08286703072024672,-0.028789460099559048,-0.1338041552663296,0.04899119427837832,0.005163733090662829,-0.06199783073554538,0.06417184216212746
sack_fumbles_lost_per_game,-0.08316609181727101,0.07347646395118983,0.047650711456420206,-0.00865280583942546,-0.014109792752101983,0.2621712609683966,0.016343925162284185,-0.011776526655993425,0.05780502359897668,0.03342154254141004,0.029588899634162277,0.002419406732534402,-0.054842321059907786,-0.13597737729562623,-0.08634943508255662,-0.03669603803865882,-0.12473594578257775,-0.015252091417697889,0.10061011793006944,0.49074713513905827,-0.17400716823421813,0.06088047168718709,-0.0491584275631311,0.044558150658648904,0.011088215545645487,-0.17551338121487844,-0.007664828826773119,-0.02144334647931562,-0.0616544463238093,0.003921820142556335
passing_air_yards_per_game,-0.11317383885645273,0.1186572788990026,0.0577952209981033,0.0017857308137485459,0.02954296341000047,0.012981892121033473,0.0010573701397560823,-0.11468295963037196,0.03908660023227013,-0.05936535386633382,-0.11064108845575124,-0.03956496836211502,0.032170297821209046,0.21308482691786176,0.05161157857264939,-0.06310222362619733,0.09121241455229803,-0.1010745120167949,-0.05504686777542635,-0.011548147836969556,-0.06661330599236315,0.05316777237493945,-0.08045686404627436,-0.04100738418632841,0.05725281816088079,-0.20232203624597622,-0.14794884451984291,0.030264331954782987,-0.05728422806469368,0.009532493715992582
passing_yards_after_catch_per_game,-0.1131088347111802,0.12209885205942465,0.0585138470316276,0.002378779583396623,0.03232691368650984,-0.02906316244454083,0.0006566086392255393,-0.11475677233991421,0.036475495897823236,-0.06390649108130644,-0.11308434489052752,-0.04019848205169918,0.03493487623926781,0.21684470374935888,0.05158458139511422,-0.06428372715070416,0.08224407189796788,-0.10458708654960414,-0.05020629769330926,0.026097102751687827,-0.08153728771226826,0.06936520002700959,-0.08851968730254542,-0.016503712247146394,0.03766197096555937,-0.1464408912471224,-0.10266459435589793,0.033513793791571996,-0.04031877222641309,0.0262223204094121
passing_first_downs_per_game,-0.1295982217634004,0.1323718146045311,0.06082429110084298,0.002626228783385884,-0.000956214286077898,0.02976481817667089,0.006897347107645147,-0.0069403921057029135,0.010528426764912733,-0.008156960197466036,-0.01809882844143272,-0.005725806096691387,0.006226422059487748,0.010711853537845902,0.08875011087519484,-0.01744144499848283,-0.09405270238235407,0.04015060593409352,-0.06851627636395777,-0.026920278126131146,0.06870934370645439,0.003982406643328018,0.03329014017276481,0.04194414153103623,-0.020185544270085714,-0.0720082690490652,0.016545514392246764,-0.01177487112429884,0.012951540338881741,-0.019621955543882446
passing_epa_per_game,-0.007572004748431177,0.04937142506788377,-0.007857821878116813,0.02144124510766049,0.010694247602637144,-0.4711547850169849,-0.0018501603345513372,0.1031242441012208,-0.08114295992960574,0.0046876344681881545,0.06647698019353177,0.023390891761546316,0.03427591421264609,-0.04237159726289998,0.0734456474210041,0.006575126638713763,-0.15272350057094164,0.12864177362991044,-0.009790691437977481,0.19359501128072434,-0.07211864631020243,0.02077981926614425,0.002109301266301332,-0.029367199403619655,-0.018723830892557088,0.19313157183428853,-0.026479597519605328,0.036356923705823524,0.05230143787322408,-0.058819791037210266
passing_2pt_conversions_per_game,-0.05609975835818475,0.06121381449097425,0.026548481566545608,0.0049798090070029034,0.008831386547394899,-0.013879847708284498,0.0029301293978717894,-0.03594453926788875,0.028746795654286016,-0.0008875285066824719,-0.03580108484475197,0.0022725235718745523,0.0053859158095146235,-0.029562395919717273,0.12661646459642414,0.7146035433741804,-0.02436110354231367,-0.17143940986544945,0.028786259350325062,0.04576809404501708,-0.017233196198447362,0.02803892144940039,-0.024805735126443056,0.04394661778032097,-0.0147807805724011,0.005595550195413341,0.009868353431725036,0.0010114012489009136,0.02080000973495444,-0.0010223763470962332
pacr_per_game,-0.08686238718234357,0.07075103825125326,0.05021272232817563,-0.010806081837728807,0.03106805950892651,0.0007281315251649926,-0.010406047963837062,-0.13956719133247375,0.030546644603997523,-0.08703304984428549,-0.13517754731108697,-0.05176283442544524,0.06443687596250182,0.2778361423980677,0.11262432403164185,-0.07308323841868691,0.08481820146307022,-0.12006064614085166,-0.010690914066732877,0.10612907396860301,-0.18712401357234337,0.15156881941244096,-0.18844426699049568,0.33058507161445516,-0.15141547830324054,0.40896426925871554,0.4005419197554702,-0.14802756672321082,0.19992112187896788,-0.11396073369859143
dakota_per_game,-0.10831861613204716,0.11720082870255824,0.04675488619302712,0.00832552887080702,-0.00183862084676192,-0.13082288310002826,0.002183762253813007,0.027795391844576897,-0.009012742079360168,-0.003778656447803641,0.006965804983260157,0.0005000459096718121,0.01870881541838307,-0.04150468615289869,0.15430385888528186,-0.0024016451701819983,-0.18014549918098396,0.11634401439961692,-0.060428929801430796,0.10321417057639032,0.0058685726481850315,0.011883660687482995,0.03522636599071088,0.0898103687973284,-0.06818515280060042,0.0959818857541383,0.04691836450599627,0.027824422366563874,0.06767779732864228,-0.0014411411792435752
carries_per_game,-0.024317084707732077,0.019779977388960875,-0.2792514479572751,0.09276254025783623,0.04998309297458442,0.021919033531260797,-0.008720044841696726,-0.017240258354860646,0.008740132094924198,-0.02205221974947746,-0.046938906933732025,-0.01867972725108447,-0.011905247432171598,-0.02604751800090895,0.04228114630238962,-0.01832441226710519,-0.021952904012228644,-0.05683476178708355,-0.0016295068553793556,0.02742535223960896,0.05560617533793064,0.1270035018394675,-0.030586419994004375,-0.12373247037883024,0.052800710947829614,0.019435436619563668,0.017987950565926638,0.11034735825660053,-0.12331961033315941,0.03578322909894641
rushing_yards_per_game,-0.020490889977903735,0.026262523740478768,-0.27862580974598256,0.0946794151417701,0.05227328200402778,0.02591577930839121,-0.013300352829648875,-0.045747024652697504,0.04577747910687686,-0.004847242047949954,-0.04977747171833632,-0.015927067033947855,-0.010291407513693968,-0.05201243008123892,0.05456546903145532,-0.012558604790222323,0.023400397329775904,-0.005503967075868168,0.0034603231527395367,0.010983124521279423,0.0030443249311613465,0.05169073479702465,-0.020959568225562168,-0.10583030656222671,0.032293995547637934,0.0328981405036273,0.004910798715974517,0.12757707820993422,-0.12141255849539079,0.05481747246534767
rushing_tds_per_game,-0.02405756205560996,0.034867275200558406,-0.23666042834302223,0.08471696535560665,0.04933020482285916,-0.0006466372976777466,-0.028581139738932216,-0.09003786787181502,0.08888847375578142,0.012462501896345748,-0.047886962691519805,-0.015303140593522623,-0.018724874896169492,-0.1016151573873792,0.15789478300208207,-0.006463832783530195,0.10986570751541529,0.10416083388555998,0.05397710631559985,0.015258923963575281,-0.09302031711065635,-0.10336027795112833,0.028632932480659144,-0.0585099687707769,0.0529981174391274,-0.06573696373268903,-0.070737931263756,-0.18242629581495615,0.24712114211433267,-0.25164410383022906
rushing_fumbles_per_game,-0.06282734296218709,0.0390368266121415,-0.0915036659853892,0.037506730912142225,0.00198031683715175,0.15735619855502553,0.015493296851178007,0.2107304719777225,-0.2660461554999605,-0.017651110268138207,0.018103645114299526,0.047386816882207174,0.08400206530442086,0.2565488866307528,0.09921747990907548,0.06805915567024161,-0.003804206488371285,0.1635816323004601,0.016222027018197933,-0.015938558515169808,-0.16004637521394974,-0.2502710086442595,-0.015757201058836254,0.0696119597151351,-0.013555753367272053,0.09364654492578843,0.07816982282975976,0.1608875588623017,-0.47148617345581806,0.07285601204501543
rushing_fumbles_lost_per_game,-0.035905779519620255,0.02310612278489814,-0.11849146763118118,0.04680611591967454,0.007221084764746072,0.1279169500158382,0.028214907953964134,0.24979053632153603,-0.3072302972542005,-0.020311520693676793,0.022853562693039484,0.05449919032223748,0.08930122750115774,0.29161495834303935,0.048615093592425995,0.06598302218955786,-0.003716595503928012,0.13468763928875718,0.0077947976909595665,0.06371949282419374,-0.14199092579697573,-0.20274564430999226,-0.003630532018645449,-0.036569862565734655,0.05730510716735051,-0.22410615509409926,-0.15013270822060157,-0.092476737280812,0.2632507184400128,0.05088240087471744
rushing_first_downs_per_game,-0.03315836218873329,0.0351453630285824,-0.26986172392277236,0.09335154624465455,0.053649549043308285,0.027883282209268542,-0.016389343577188346,-0.06264458446803711,0.05717470102689581,-0.004359390441396809,-0.049091958363341376,-0.01631668224970646,-0.00857083793232445,-0.056254155993172524,0.08325825663066103,-0.00955841403199545,0.040877145786097094,0.02452078748916996,0.01082429935373097,0.010983422758631426,-0.022862453017161468,0.014360112751911996,-0.00644896069850026,-0.09833584292863115,0.03234919278470913,0.020231376661557447,-0.011568448488379407,0.09229151513541456,-0.08200222998601647,0.02804155827951993
rushing_2pt_conversions_per_game,-0.016862049450276535,0.02201785351681552,-0.06134663185859597,0.022795620209749422,0.02650133623059815,0.024553881049659027,-0.019304589724169086,-0.12768078096793575,0.198032246149073,0.09244689193438692,0.5766133652673754,0.17547924533616963,0.15732338057171652,0.2015366564518482,0.06708592947308167,-0.002442827338994322,-0.044754832711801,-0.04886518749159406,-0.007095625830817659,-0.010891063777682841,0.009553798165791603,0.04055532244698082,-0.013886083060591567,-0.020385323945587445,0.0032277346222052716,-0.005277971352320041,-0.007784594560408344,0.012359141808161476,0.004841208508793651,-0.013897411623608519
receptions_per_game,0.1469941997758858,0.0918207581849347,-0.03222681385574559,0.006163679372052787,-0.04056176440545666,-0.0026284775404363534,0.018811784075114246,0.03536934004442804,0.07558103157147186,-0.02779787597166559,-0.012295481332749329,-0.014566591985774183,-0.029552743809815357,0.051837175869951055,-0.0758729683416987,0.012719486226466676,-0.06452400878817102,-0.03969401805414659,-0.09054160159057265,0.015339691546334461,-0.02035221317119544,-0.08825304404129669,-0.03320542064856787,-0.06030940377956693,-0.03505971465178731,-0.0012353790937720377,-0.007660484508342452,0.0730519885582738,0.048091910385967544,-0.01480870734155458
targets_per_game,0.14667834333240987,0.09104118150836839,-0.009259105403233152,-0.01127447435701408,0.004127996134310987,0.0011015630722127033,0.02195780433847571,0.05914282771306455,0.05837625414230754,-0.022564469976119578,-0.005412453247047847,0.005922155624674654,0.034307993897702456,-0.005172132915068318,-0.0573782603964576,0.0027921660862405104,-0.004391416233030865,-0.08907761462275791,-0.22818153262222232,0.05342419194801967,-0.029106535914769416,-0.12791886419422355,-0.021239190294597584,-0.04671534010436127,-0.0042248160435840254,-0.00290360696412193,0.02681180149260032,-0.011481374289350685,0.008686945733949758,-0.004111779235267437
receiving_yards_per_game,0.14683589389396015,0.10349549574386632,0.01728067758322887,-0.002231598855303953,-0.06134622597977906,0.010558167900647154,-0.002997067229948557,0.04881610284740165,0.07062169260860054,-0.014273252837381446,-0.012194609148142068,-0.023560313742880156,-0.010625826739177393,0.0593786126967905,-0.020280740811750388,0.015763007225985944,-0.0005208531413178007,0.036110644150691935,0.009787182352039124,0.011987332615434172,0.0016756208418374048,-0.00019771290314675818,-0.020247377533252026,-0.08276085362796182,-0.10766003277610145,-0.022937432596453096,0.028859185239321072,-0.02799385497130829,-0.014862670664890065,-0.01699694045825045
receiving_tds_per_game,0.11215521376173392,0.0846227420432075,0.047456851100717706,0.05999100047483452,-0.12335533891755218,0.014090524578713605,-0.08868184803844102,-0.18240636265677104,-0.18370397463131144,0.018931815687308663,0.028598213746162303,0.009320399581299849,0.05941281259830359,-0.035748062174062505,0.001516332906313583,0.003884921404631354,0.04715473948860592,0.053713890260376033,0.051845733416966695,0.06925422524793529,0.18304309985952233,-0.07557612313117915,-0.16165722993747947,0.04092799184690722,0.29720403686305663,0.06346838577557588,0.020313732159629762,-0.1698296536617795,-0.06812426846542363,0.059846814167942824
receiving_fumbles_per_game,0.04652040393241095,0.025650398949462142,-0.016402199053936563,-0.010051318834085839,-0.040458594110114494,-0.010306998757264077,0.4965836823104503,-0.09168394758569855,-0.03812221653452012,0.006117040331459003,0.002168463660990075,0.007967888592672797,0.008382033838404062,0.00721811320171846,0.026474583044039466,0.002054874831527329,0.0010992247535108106,0.05136860343510966,0.06598036474610952,-0.006882383775559557,0.014711276625858905,-0.00901397228484171,-0.06699166694813068,-0.1575570498105443,0.06155297147028876,-0.060582406613144846,0.19528120476844643,0.11437174536382416,0.3215354766851419,0.4304997748766585
receiving_fumbles_lost_per_game,0.03508871065835888,0.01847185282389375,-0.01293566044696367,-0.016607652825265017,-0.04238179274789573,-0.011709175141809256,0.5071616572595228,-0.10647751196783901,-0.04954649177488962,0.018109003499073545,0.005018927514418357,0.010145072827480003,0.026891574077557837,-0.014679296611068446,0.046790283218797954,-0.005871409431766239,0.02338439799559651,0.03596598233243633,0.07391991454289759,0.00011120097802799575,0.026115264879364806,-0.00831052608361245,-0.056327815561326135,-0.20269481268242395,0.05176494471343649,-0.051941168812523995,0.3455186965508071,-0.03651836908004236,-0.026327977850313287,-0.10772507919923803
receiving_air_yards_per_game,0.11534525815707924,0.08641318579709124,0.0876153364311627,-0.05839765743917626,0.19296123378294353,0.03982059299880002,-0.012719875832920093,0.06813404875542618,-0.061223302519546316,0.0277678101028968,0.019031222837807133,0.015398739327886168,0.11171239878768865,-0.10216577039748093,0.14181244229989784,-0.027449216672538065,0.10514500774303973,-0.012758876262689544,0.014897075333700101,0.009000033511430658,-0.007934515849955625,0.07647640583381736,0.010764151274202135,-0.057348921176348114,-0.0019480244095653949,-0.010959008253944615,0.027550012637137907,-0.045755663606384965,-0.02773571506807382,0.02159546453524339
receiving_yards_after_catch_per_game,0.10428030781881167,0.07172502087413071,-0.06923677654322004,0.004190384518686901,0.19999647533787548,0.01332271010283487,0.0032089771941174157,-0.08080726513212061,0.011046135423315718,0.015591282094689957,-0.028273714215316284,-0.03190006667943171,-0.07717421983251521,0.04574717056135323,-0.1801539482204842,0.0238519780748046,-0.3423404253685686,0.04487985131921097,0.07509331127373384,-0.1604015578767942,-0.08472904602385482,-0.09197164227958106,-0.22365530143010998,0.035203369577023254,0.03424402383907632,-0.0003397025378351923,0.0051123398766260205,-0.016646512726165196,0.010403389305383965,-0.055147488410482344
receiving_first_downs_per_game,0.14560761645154457,0.10181717958162353,0.02783280766576714,0.0027691015307567683,-0.07061949367324817,0.00966342165194483,-0.015375659474496145,0.03867650085073019,0.058349687162445096,-0.020283606928240324,-0.0046354870021191605,-0.01910411345186678,-0.013587335509534585,0.05926581895540896,-0.02353551139231501,0.014910991185044555,0.006465503568813924,0.02254881238268479,0.0017777772801063577,0.01712670340886702,-0.014328071212228337,-0.018050668314144102,0.0498136823520012,-0.018041046292399117,0.014172834026463686,-0.02461378386835438,0.04722240870226762,0.08505209990813944,0.037770643407821124,-0.057747076389729916
receiving_epa_per_game,0.09323937302620192,0.08150742530517326,0.04138543457151787,0.03617367393721847,-0.18313572140056517,0.01706043011586335,-0.1265279461171941,-0.014835766866532133,0.04364391765713023,-0.008350463162334613,-0.011652484759127706,-0.05875750894416055,-0.1043306168468421,0.15426805253913264,0.01794902098770268,0.03312186560974307,-0.01626744951417373,0.21402767219985266,0.41648753581475545,-0.05808277135179234,0.06577974534405466,0.19071292154680042,0.011270040051908601,-0.01809598479849406,-0.11549930228118306,-0.02082470614482964,-0.06657975935776993,0.09898552401194174,0.029308930618664363,-0.028146646797010823
receiving_2pt_conversions_per_game,0.02860058414595375,0.021479717036695184,0.0072387940545410295,-0.029804141533983374,-3.46702590622557e-05,-0.0028171484237160655,-0.01343172706902305,-0.02221380725306557,0.017138331424127694,-0.26248405769507516,-0.11662835904488707,0.6359066755360782,-0.1369638929427054,-0.03259988733039318,0.029241065830556346,-0.019877516187580196,0.00044095802378043067,0.0012921437334275233,0.04245682877307938,-0.01020328894200468,0.003066214281865583,0.009458579038979458,-0.035498310986333735,-0.0280581776031807,-0.007111536703944462,-0.012123001014679892,0.015645726743903625,0.02615502185842432,-0.0014778054420397733,-0.047556090784818435
racr_per_game,0.034857648681819585,0.0033855037343622787,0.04323899941916887,-0.014432554757898468,0.08720330859825814,-0.02189034638908345,0.0036988016873087263,-0.05440003836893766,-0.13086365610301415,0.11273815794797239,0.16193320394110625,-0.051715612759476386,-0.6178051270565647,0.09259834285312579,0.14921271928537513,-0.001162004901398178,0.11591434122668792,0.0005542660148293105,-0.12211398062961479,0.0609820687591711,0.02225644131936514,-0.025846340345552676,-0.037587452095122924,-0.03281498292281661,-0.010248369477218508,-0.019180602473826892,0.05274568910632883,0.02259485057523656,-0.004387711664741727,-0.04137061015905237
target_share_per_game,0.14859975576581266,0.08936320840238986,-0.012845295509580119,0.004267378533412579,-0.06069949382812837,-0.0034707638625547403,0.016708269086307473,0.07070240960665604,0.07241237307353768,-0.021123637913274432,-0.005216120574623213,-0.015549785683272704,-0.000999101930537838,0.018268834878822585,-0.034092737870673955,0.0010691036361022569,0.01206600848155275,-0.07499972633482514,-0.12561784752615276,0.03269793210938498,-0.040035710604317445,-0.06383104315845597,-0.004785332268413599,-0.08406606763523068,-0.051427463410534044,-0.018997581012026893,0.02559531634943233,0.11412097555189218,0.030311036278089475,-0.06744469110660492
air_yards_share_per_game,0.11364763233367503,0.08405426458314444,0.09045550414637785,-0.05158372565995006,0.1761450415301422,0.03976682008567968,-0.012178304989047664,0.07308158532923588,-0.06088107508101468,0.03552497793984268,0.02877706676665124,0.0029139842134130005,0.06916579433674029,-0.08690666250530879,0.1671887607925696,-0.03007376323968319,0.10107211769659949,0.004106640773805785,0.11116329989566076,-0.02943147085194057,-0.03158432486686014,0.1452527412770053,0.0008742240698065521,-0.06369465457240896,-0.02775944691456478,-0.031834702239374416,0.016286757687923575,0.09458286337216751,0.007776384938114781,-0.06303419964031952
wopr_x_per_game,0.12766471005210095,0.08805250895698034,0.043178263105943165,-0.040499486710635364,0.21652792812380878,0.031696540078045725,-0.00477586877962835,0.030585655817239665,-0.04965685196563616,0.028953053884417455,0.016611770397712475,-0.006252192583681934,0.026690831930696064,-0.06238748580313162,0.06560757627202549,-0.02021032645683182,-0.03599340691718319,-0.01861502782799724,0.07621779143039506,-0.064422713704138,-0.05414183952992632,0.047303975486716734,-0.05577904923428726,-0.03632816774788899,0.014987409070017006,-0.015306554185523824,0.007794708957839836,0.11223140042854711,0.03132494880795979,-0.07413262170937995
special_teams_tds_per_game,0.0024335858588281846,-0.015272157734700111,0.005686995888391332,-0.01589186313297184,-0.019614495241193682,-0.03392928989250349,-0.009141632404723278,0.013642341040014805,0.04561455895660108,0.608737188197515,-0.22846452484005547,0.22334391761148048,0.03906161471118052,0.11743677624859943,-0.003138365835103078,-0.020319194700321907,-0.02340911795763041,-0.04781768627000358,0.020533122272994597,0.03084460954772786,0.04164541348329217,0.0006826397708375898,0.019643859814485052,-0.04207077303354205,0.02149241907104494,0.006954382333037225,0.01493679389840517,0.02378180912689798,-0.004389301401063073,-0.031225513993871124
fantasy_points_per_game,-0.02735318798411577,0.19135245371118237,-0.10553681068862632,0.07586628194641366,-0.01856333271570915,-0.025621698039083558,-0.04014701969950034,-0.06578798989285323,0.04547905457322462,0.018752800828964942,-0.05131843947895949,-0.006091827605255242,0.008727534562234357,-0.022871140191584094,0.13372153826909064,-0.0007239258006466663,-0.041283813624954355,0.08624354482494367,-0.02879688506581953,0.02639067314825293,0.07246711378930681,-0.006087955352787263,-0.01764963331538184,-0.0630884919814644,0.02538170284765032,0.00397223665021528,0.0022950250607772426,-0.019380629808685768,-0.014759003837170487,-0.024257044739156016
fantasy_points_ppr_per_game,0.018822536066065487,0.19646999805089072,-0.10296454441570352,0.06903615472136541,-0.028332906994976988,-0.02347522095844977,-0.03006618757085097,-0.04793791409363664,0.06244377721942507,0.008474764756265246,-0.04907888839631246,-0.00966570241136102,-0.0009234259839461962,-0.005081974158295015,0.09627306358212799,0.0030846675957202883,-0.05548690760544058,0.06479811323846953,-0.05204324077346628,0.027880430651231893,0.05825604619878909,-0.031248810554652597,-0.02536816286957948,-0.07357490679578847,0.012221740465236034,0.0031581749516319656,-0.0002103640607705545,0.004226121124187183,0.0010095853474074502,-0.025834118587533577
tgt_sh_per_game,0.06443750925134335,-0.0062702867866138556,0.08047922675754769,0.27362323675397593,0.08356360110854584,-0.015546870667270991,0.08303689342917762,0.1317712227541355,0.12587411140224436,-0.02313830348485354,-0.008969690691283764,0.011466982679578382,-0.014516102811309346,0.00841188726415174,-0.04652312366760513,-0.0019723565004395234,0.01701053065722069,-0.04692482772809004,-0.1130202357514459,0.04257796070384036,0.036181689530078616,-0.13471118957715147,-0.10445316095774092,-0.0330424311882628,0.1600054499981246,0.0795690673471729,-0.08301496104096345,-0.0065869062540400425,0.04010589113552745,0.09916384302483634
ay_sh_per_game,0.060635092500523215,0.021219172748840966,0.10078370726039017,0.16366998920842607,0.20304821092796332,0.013530120073710123,0.061865716512670595,0.17829824153103802,0.0840892582053938,0.009598423429542497,0.014265716321567546,0.015680205048465908,0.03155308106773421,-0.047211955274702,0.06944450772594503,-0.028830940570607498,0.20303136867128102,-0.021821451936793988,0.06810274710519651,0.12254944990075561,0.32578303794578,-0.05627508921794051,-0.23028378466325705,0.269902064232508,-0.1632446239237726,-0.034662644584327044,-0.0891757737299308,0.12504310111503766,0.026758486678032423,-0.03954831420375595
wopr_y_per_game,0.06422584391622753,0.00975776834604377,0.0919960522188159,0.20917989884802726,0.22543066600698652,0.00362132672199813,0.07335637142911244,0.14308497309543242,0.09187185155954551,-0.0031645097523620063,0.0026682155882098682,0.010858251809643296,0.005761409379261673,-0.019543589222825414,-0.0016298870358817912,-0.01351962433100809,0.0895376499214602,-0.01312098926002312,0.020937035566783762,0.09519247745618617,0.2649548340031513,-0.14093408726421355,-0.23469055641481162,0.18019403876915052,-0.001876460465690389,0.025296501873930705,-0.12226684448658995,0.1662967888484226,0.0786845062894479,-0.02407127741711156
ry_sh_per_game,0.06468535852181015,0.008475869326446537,0.08776756621933095,0.2919189728670454,0.0353391506889644,-0.005424761582452633,0.062361237598680536,0.13285548702809782,0.14042703688887226,-0.010718769552254703,-0.013834859907258133,-0.00614293745157099,-0.07373863218396078,0.06685437774304911,-0.041670467922331464,0.004467361493640138,-0.004760448888339776,0.01586276554021865,0.07078340676406299,-0.04449347094059136,-0.05299489700380366,0.07506831195668379,0.05823744771690753,-0.06953159639489305,-0.07704281994905024,0.006604876888376373,0.041959768568185035,-0.32739877758751745,-0.14173396616647724,0.11538000334488231
rtd_sh_per_game,0.03229169720899378,0.010475723207197191,0.06025189301661837,0.22471149654227993,-0.08567530940101874,0.007849458900309862,-0.0776224563124546,-0.28473021046575636,-0.3442013967677208,0.050299603586883616,0.04977267934368581,0.050590466656202544,0.07894019498902259,-0.13946540477378844,-0.02915850828049413,-0.02871009435056992,-0.01693503322267352,-0.10448994708436568,-0.04080798781196395,-0.03174606454700008,-0.05607845174797572,-0.016573425873372172,-0.004979144246084147,0.0747660417665342,-0.18082963035912233,-0.04018591370477598,-0.07386209334936807,0.1733756890461685,0.09564927602648306,0.006558918183690369
rfd_sh_per_game,0.05820137532806025,0.006981141706881822,0.08901967960841023,0.2931697727942326,0.011464167078347609,-0.004102704250711667,0.03074264981583254,0.07528978196091607,0.0678768985944562,-0.005899418547463698,0.000883326647543067,0.0064948433205506695,-0.057758438561864515,0.04196308210323649,-0.06186831375740295,-0.00011352152629157858,0.007168207102139158,-0.02162031165639058,0.04413221989276068,-0.05564036456027784,-0.1413256516330095,0.09749553280427839,0.3084197985387991,0.21383453673421116,0.3730416614790858,-0.034400384649967024,0.13166320736364448,0.13270746719359702,0.02678521331159928,-0.051964229243133014
rtdfd_sh_per_game,0.05759156397082856,0.00823298234473545,0.09179666964003418,0.3096623647949613,-0.008409091000841319,-0.001501280504622564,0.009457719213551282,0.001168958370004874,-0.018082713448800233,0.006551387878261816,0.011460400455627122,0.017301013623557456,-0.03335491020553608,0.005592286412675493,-0.0588587662837309,-0.006560682891254817,0.0017022112960737505,-0.04101551790331257,0.02935068411143714,-0.05558562782511196,-0.13443780916244988,0.08458815920148087,0.2756163530537933,0.2143982026000455,0.30796394426234386,-0.031980713012882044,0.09175956327908485,0.15348677192931026,0.04732654174600621,-0.04079190709952584
dom_per_game,0.04801815354792259,0.012897617881737506,0.07600425603141465,0.2728008704404252,-0.07047437698368793,0.005249465561620762,-0.05395948079139604,-0.22174211122903018,-0.27318616535742074,0.04209679203146182,0.04134174758002605,0.04269955798387534,0.05231762245692277,-0.10617621374902703,-0.04072374259236954,-0.023642720832476403,-0.019156377165382637,-0.08794890274863446,-0.01473849393393081,-0.042516501027375184,-0.06882066055354454,0.0017276249528570423,-0.0052504956893666055,0.012611722762931004,-0.24337652066307217,-0.04843542394960444,-0.04407788177571975,0.0513138802903708,0.03860732459367378,0.043229978635260256
w8dom_per_game,0.06480647220943118,0.014624614376373864,0.08846675978637053,0.3044863855815186,-0.036012638186288644,0.00041658225934030236,-0.009010022460616947,-0.08990703747561538,-0.12093326004419712,0.022865905576722065,0.021876466647905077,0.023856168283091034,0.0030551519812447216,-0.03821965960989791,-0.052225727644745236,-0.012131266404695732,-0.019597393978564297,-0.048692234443202545,0.02780779685539716,-0.05251177737562861,-0.07775660676476857,0.029711989709415836,-0.004850345262314461,-0.08531194761965033,-0.301972287164701,-0.05361544902216763,0.008780256564221274,-0.1451348061483463,-0.055478968265181935,0.09310034207983019
yptmpa_per_game,0.06690580133600038,0.01112803746371767,0.0869174570753915,0.28619860574880585,0.03590737941260249,-0.005108614887176044,0.059350084768657274,0.1219844935650435,0.13197897014207274,-0.008489867017614481,-0.012198240481569396,-0.008252693477129472,-0.07444798186101478,0.0669630404978252,-0.04269455090311587,0.005555261033412985,-0.0029073065258982934,0.030053266226875403,0.09811058483915086,-0.04045277594703108,-0.02208197861903238,0.06294744717804843,0.003233250459316277,-0.09381434320689315,-0.16146104528374713,-0.0035298930891221893,0.0341833405208967,-0.37915642844819575,-0.159472421170914,0.1423049489095034
ppr_sh_per_game,-0.003118577557281192,0.021974582871400916,0.04276022827635248,0.26262209703747114,0.010585222872542264,0.07074298706091509,-0.004684306901411351,-0.10610471126603509,0.06793518940065686,-0.013147610330210693,-0.12331589807352973,-0.007959666091696148,0.021506127534566585,0.04966347488116423,0.31502655633337456,0.018070472298349707,-0.2213915751042404,0.09291414043203208,-0.2032486784665337,0.02536856953099898,-0.007029864260159066,0.08087329918025885,0.09182735116203529,-0.167952282672683,0.07742538299665068,0.2615340478003419,-0.3262716057670556,-0.06252788884936786,0.08575399022741644,0.0006975204563171013
first_season,0.016038080685831815,-0.0033761407230213716,0.01626455116154423,-0.011806068849844613,0.3235225838713722,-0.012668163297012388,-0.022091792702168402,-0.2500760245287542,-0.033274068972079594,-0.03539127984196029,-0.06180538911866798,0.013468870544445772,0.054982473645320065,0.15935120112804016,-0.28027972499300796,0.12175181052281311,0.10936264293431512,0.31938689775724477,-0.12211644892103159,0.1568436487699054,0.1394435977133581,0.05002344892954681,0.22279985764327015,-0.05289102189851097,-0.06380821861245035,-0.013280455251992567,0.03971411922101419,0.001665591513314118,-0.005686830709370444,-0.01335799235806875
years_experience,-0.0119273209469166,0.05992951283356809,0.016483147262334866,-0.03290792189986459,0.047949316622430176,-0.05792284557590803,-0.021195345193308623,-0.03524814957263782,-0.02131382130339869,-0.09253818961868476,-0.03124299026352467,-0.06950848466770786,-0.027056919837506337,0.10316656951557017,0.19156507980039103,-0.1474896766286512,-0.18105277174275855,-0.5358139128411545,0.42110840793477367,0.08427045604180178,0.15419945396028148,-0.43527686869913673,0.29469591192282996,-0.10722891701291662,-0.015170446970486817,0.07602060253046071,0.011148111630543899,-0.03396178559812864,-0.0008126024374662203,0.003435896153813991
